country,lag_months,correlation
Nigeria,3,0.8512022940510343
Egypt,6,0.6288653332217351
Venezuela,-6,-0.01738786904139083
United States,6,0.7637968882809947
India,-6,0.18600014835023548
